"A_mean","A_stdev","A_median","A_errlo","A_errup","B_mean","B_stdev","B_median","B_errlo","B_errup"
1.116200954463863280e+06,2.016750531954169041e+06,9.668723174364212900e+04,4.236600378572908994e+03,2.470530812806337141e+06,1.582175079560910308e+04,2.449457941380934062e+04,3.553116035609632945e+03,3.666302061520852362e+02,3.648767713088891469e+04
