{
    "niter": 400,
    "logz": 7.669564432329079e-10,
    "logzerr": 0.6931471805599453,
    "logz_bs": 7.669552104516697e-10,
    "logz_single": 7.669564432329079e-10,
    "logzerr_tail": 0.6931471805599453,
    "logzerr_bs": 1.249673108050242e-13,
    "ess": 400.0,
    "H": NaN,
    "Herr": NaN,
    "posterior": {
        "mean": [
            20885449.827732082,
            22962299.328166157
        ],
        "stdev": [
            24031209.010724787,
            27110562.36335105
        ],
        "median": [
            10478711.43165233,
            9273941.992481008
        ],
        "errlo": [
            2033395.6536980667,
            1807391.990545432
        ],
        "errup": [
            43727181.456366524,
            53094890.28421273
        ],
        "information_gain_bits": [
            -5.132850308674596,
            -5.128806517360642
        ]
    },
    "maximum_likelihood": {
        "logl": 7.683219363830084e-10,
        "point": [
            13516348.395085981,
            99421644.92689282
        ],
        "point_untransformed": [
            0.5654296887737337,
            0.9987404721230903
        ]
    },
    "ncall": 400,
    "paramnames": [
        "A",
        "B"
    ],
    "logzerr_single": NaN,
    "insertion_order_MWW_test": {
        "independent_iterations": Infinity,
        "converged": true
    }
}