{
    "niter": 400,
    "logz": 3.9485542439876564e-11,
    "logzerr": 0.6931471805599453,
    "logz_bs": 3.8318948563977516e-11,
    "logz_single": 3.9485542439876564e-11,
    "logzerr_tail": 0.6931471805599453,
    "logzerr_bs": 8.072038697182204e-12,
    "ess": 400.0,
    "H": NaN,
    "Herr": NaN,
    "posterior": {
        "mean": [
            1116200.9544638633,
            15821.750795609103
        ],
        "stdev": [
            2016750.531954169,
            24494.57941380934
        ],
        "median": [
            96687.23174364213,
            3553.116035609633
        ],
        "errlo": [
            4236.600378572909,
            366.63020615208524
        ],
        "errup": [
            2470530.812806337,
            36487.677130888915
        ],
        "information_gain_bits": [
            -5.127114466390057,
            -5.136813260892145
        ]
    },
    "maximum_likelihood": {
        "logl": 1.3733007208733134e-09,
        "point": [
            1036.0215705309047,
            101.14932773012995
        ],
        "point_untransformed": [
            0.0038421994374917556,
            0.001654333553435694
        ]
    },
    "ncall": 400,
    "paramnames": [
        "A",
        "B"
    ],
    "logzerr_single": NaN,
    "insertion_order_MWW_test": {
        "independent_iterations": Infinity,
        "converged": true
    }
}